<?xml version="1.0" encoding="UTF-8"?>

<beans xmlns="http://www.springframework.org/schema/beans"
	xmlns:xsi="http://www.w3.org/2001/XMLSchema-instance"
	xmlns:mvc="http://www.springframework.org/schema/mvc"
	xmlns:context="http://www.springframework.org/schema/context"
	xmlns:util="http://www.springframework.org/schema/util"
	xmlns:jee="http://www.springframework.org/schema/jee"
	xmlns:lang="http://www.springframework.org/schema/lang"
	xmlns:tx="http://www.springframework.org/schema/tx"
	xmlns:p="http://www.springframework.org/schema/p"
	xsi:schemaLocation="http://www.springframework.org/schema/mvc http://www.springframework.org/schema/mvc/spring-mvc.xsd
		http://www.springframework.org/schema/jee http://www.springframework.org/schema/jee/spring-jee-2.5.xsd
		http://www.springframework.org/schema/beans http://www.springframework.org/schema/beans/spring-beans.xsd
		http://www.springframework.org/schema/context http://www.springframework.org/schema/context/spring-context.xsd
		http://www.springframework.org/schema/lang http://www.springframework.org/schema/lang/spring-lang-2.5.xsd
		http://www.springframework.org/schema/tx http://www.springframework.org/schema/tx/spring-tx-2.5.xsd
		http://www.springframework.org/schema/util http://www.springframework.org/schema/util/spring-util-2.5.xsd">
		
     
    

    <!-- Uncomment and your base-package here:
         <context:component-scan
            base-package="org.springframework.samples.web"/>  -->
            <context:annotation-config></context:annotation-config>
            <context:property-placeholder location="classpath:connect.properties"/>
            <context:component-scan base-package="rahaplan.connect"></context:component-scan>
            
     
   
            
            
           <bean id = "Start" class = "rahaplaneerija.Start">
               <property name = "message" value = "Esileht!"/>
           </bean>

    <bean name="LoginProcess"  class="rahaplaneerija.MapingProcess" scope="session">
    
     <property name="AndmedKlient">
       <map>
          <entry key="root">
             <bean class="rahaplaneerija.model.Klient">
                  <property name="uname" value="root"/>
                  <property name="psw" value="root"/>
    
    
             </bean>
          </entry>
      </map>
     </property>
    </bean> 
    
    
    
    
</beans>
