{
  "version": "v4",
  "repo": "borisyankov/DefinitelyTyped",
  "ref": "master",
  "path": "typings",
  "bundle": "typings/tsd.d.ts",
  "installed": {
    "jquery/jquery.d.ts": {
      "commit": "32029fcb4e1a3ef8968711b545d77b584435729d"
    },
    "core-js/core-js.d.ts": {
      "commit": "98d3168c2c570352a3a7393788e2ec9fbb08ade6"
    },
    "jasmine/jasmine.d.ts": {
      "commit": "3fc1377ce29dd9670975cb68615edf1b819fc4a5"
    },
    "uikit/uikit.d.ts": {
      "commit": "e5a27ea95e47b95333784f1f0d590127b4e39a89"
    }
  }
}
